{
  "project_info": {
    "project_number": "164670807667",
    "firebase_url": "https://peeble-pbl.firebaseio.com",
    "project_id": "peeble-pbl",
    "storage_bucket": "peeble-pbl.appspot.com"
  },
  "client": [
    {
      "client_info": {
        "mobilesdk_app_id": "1:164670807667:android:7fbcd36cf5988c63",
        "android_client_info": {
          "package_name": "com.kimchiapps.peeble"
        }
      },
      "oauth_client": [
        {
          "client_id": "164670807667-oubernet7fh9kuvlas9gu7a7ggbbm1n6.apps.googleusercontent.com",
          "client_type": 1,
          "android_info": {
            "package_name": "com.kimchiapps.peeble",
            "certificate_hash": "6e115afa6a9dd9bd9ee3c7378d54f4746dd40fcd"
          }
        },
        {
          "client_id": "164670807667-rbd769t6pf4j214itl7np7gjv284347b.apps.googleusercontent.com",
          "client_type": 3
        }
      ],
      "api_key": [
        {
          "current_key": "AIzaSyAjMb83iMElaUuoiCuWpBVNl0QC2Zv0RIE"
        }
      ],
      "services": {
        "appinvite_service": {
          "other_platform_oauth_client": [
            {
              "client_id": "164670807667-brbhlvtg182llr4kgf6mcb1p1fdbpiu8.apps.googleusercontent.com",
              "client_type": 3
            }
          ]
        }
      }
    }
  ],
  "configuration_version": "1"
}